,precision,recall,f1-score,support
class 0,0.8,1.0,0.888888888888889,12.0
class 1,1.0,0.7692307692307693,0.8695652173913044,13.0
accuracy,0.88,0.88,0.88,0.88
macro avg,0.9,0.8846153846153846,0.8792270531400967,25.0
weighted avg,0.904,0.88,0.878840579710145,25.0
