,precision,recall,f1-score,support
class 0,0.8666666666666667,1.0,0.9285714285714286,13.0
class 1,1.0,0.8333333333333334,0.9090909090909091,12.0
accuracy,0.92,0.92,0.92,0.92
macro avg,0.9333333333333333,0.9166666666666667,0.9188311688311688,25.0
weighted avg,0.9306666666666666,0.92,0.9192207792207792,25.0
