,precision,recall,f1-score,support
class 0,0.9090909090909091,0.7692307692307693,0.8333333333333333,13.0
class 1,0.7857142857142857,0.9166666666666666,0.8461538461538461,12.0
accuracy,0.84,0.84,0.84,0.84
macro avg,0.8474025974025974,0.842948717948718,0.8397435897435896,25.0
weighted avg,0.8498701298701299,0.84,0.8394871794871794,25.0
