,precision,recall,f1-score,support
class 0,0.8461538461538461,0.9166666666666666,0.8799999999999999,12.0
class 1,0.9166666666666666,0.8461538461538461,0.8799999999999999,13.0
accuracy,0.88,0.88,0.88,0.88
macro avg,0.8814102564102564,0.8814102564102564,0.8799999999999999,25.0
weighted avg,0.8828205128205127,0.88,0.8799999999999999,25.0
